username,type
shaggycfh,S
gurlscout,S
epiphany11,F
niknak06,F
cerridwen7,S
lost-inside-18,S
dejiko,F
littlesinner,S
kittn,S
lefttofade,S
indigo-silence,S
lostinyesturday,F
shes-kelsey,S
ragnvaeig,S
wphunni16,S
bajatinkerbell,S
slickjaxon,F
kinkylittlegoth,S
karasu-kakashi,S
kirasendeavor,S
ms-sahra,S
permanence,S
emily5357,S
x-mellowdrama,S
skrying-89,S
gypsy-ana,S
lovebug2867,S
vicioushannah,F
feverish-love,F
xhangmanx,S
milchmaedchen,S
daish314,S
babicakez3,S
blonde-punk1,S
sahara-beara,S
unnaturalsoul,S
thispoisoninyou,S
p0ser-x3,S
debutxfrais,S
last-chael,F
fawnie,S
chaal,S
barbequed-alien,S
xbrokenchainx,S
softballqt919,F
juniper-11,S
theambertrap,S
beautyizbones,S
prototypecheese,S
skaffa,F
sansplans,S
fraidathat,S
darkened-life,S
fp,S
feduprainbowkid,S
setseyed4u2hurt,S
xcrashgirlx,F
tranceandpark,S
sifuversus,F
juliettecapulet,S
osfaibles,S
anarchychick27,S
mikey-with-a-j,S
scrumpette,F
hometownnobody,S
galgacusferox,S
lace-178,S
xcheekycherryx,F
dried-flower,F
zerogrl,F
sundayslullaby,S
hammie4,F
blairlikestears,S
ahopkins,S
fitzvicious,S
dasaint-44,S
analogboy,F
xidxdiex2bxthin,S
xher-kiss-kills,S
socialmisfit65,S
mimeholocaust,F
princessgillis,S
beau-anonyme,S
fantazy-novelz,F
praderwilli,S
youngcannibals,S
babygurl182,F
apo-katie,S
chaoticwerds,S
sallyjane,S
bentheredoneyou,S
jst-79,S
my-haze,F
helloworlditsme,S
kill3r3,S
retardedly,F
jessielyn,S
flavored-kiss,F
matthewdemilo,S
bleedplaid,F
lastchancetobuy,S
perpl3xity,S
thedreamymoon,S
hollowphoenix,F
aureliaflint,S
adifferentdrum,S
lamellama,S
sublime_groove,F
amore-e-morte,S
sexyblueduck,S
pink-ecstasy,S
the1nonlysinger,S
shmadyle,S
elle-couture,S
tehzam,S
gir-stalker,S
deadmedic,S
hartha,F
signal,S
40belowsimps,F
icyblu555,S
heatherejc,F
inluvwithyou,S
stacey2545,S
somecrazycrap,S
actofphoenix,F
madhatter91,F
wishfulthinkrxx,F
xcandyxbloodx,S
749-penny-lane,S
x-vintagerckr-x,S
madme,S
excitable-boy,S
xbreak-myheartx,S
i-heart-meese,S
ragazzabella22,S
kaitlynn-rianne,S
queen-riley,F
fobisforloversx,F
dirtylaundry,S
ivory-illusions,F
tomorrowillbeme,S
etched-in-black,S
lil-baby-nothin,F
astrakanen,S
golddanboy,S
shtraz,S
rosephantom,S
monotsuki,S
brave-crocus,F
dokken,S
gothicyaoifan,S
autumnslilac,S
claripup,F
tkfund,S
shadowkoosh,S
abram,S
shya23,S
ash-bashx3,S
pixelating,S
blueeyedsuicide,F
divacohen,F
clearwateriris,S
earthnative,S
mystic-nights,S
isis69,S
jmelton-08,S
mixmasterasia,S
fadedxxwishes,F
kessbutterfly,S
misskriss33,F
viciousromantic,F
mistressedurera,S
psycho-x3,F
cybersharkx16,S
partyhardxrave,S
siriusly-lupin,S
lillphil,S
afikid129,S
spawnofkhkharus,S
cobeanfarmer,S
charis-elbereth,F
circular-parade,S
darkwizard,F
chloejoey,S
thunder-blitz,S
sidecar,S
sepiapictures,S
shes-starryeyed,S
freyasman,S
novoccainelove,S
letter5fanbase,S
kate-9632,S
dreamn-x-you,S
terytaya,S
molliegrl123,F
all-depends,F
emptyxroads,S
fantas1a,F
the-shamanka,S
nousername101,S
realitygrl88,S
sarahnadine,S
f33dmyaddiction,S
suizidherz,S
alexis-eatsyou,S
steffytheshort,S
ironjester,S
goodmanbad,S
trippin-in-hell,S
dork-gurl,S
angeobscur,F
trojanguy,F
everyday-with-u,S
sheppyd,S
twistedcat,S
hayleyx912,S
pastelautumn,S
caitiecait,S
darioc,S
morbid-ruler,S
yoyolp2,S
fever-white,F
xteena15,S
tarosic,F
nani-kai,S
wendimarie,F
lust-and-liars,F
sbez,S
chrysalispeak,S
i-luv-hipp0s,S
mollyyy01,S
foxsiren,S
sachi-e,S
xpainfulxdeathx,S
chained2truth,S
faceson-faceson,S
raspel,S
intravenousrot,S
maxcom240kitsun,S
abarrach,S
sekaijuuni,S
lacrymosa,S
anomalee,S
italianhoney,S
xxmorbidxxmexx,S
xemo-x-corex,S
lovekeller,S
neurotic-fairy,S
widget311,S
fer-gekisou,F
miss--jane,S
confusedkid144,F
monika-face,S
brittney2,S
slipknotxfreak,S
sylvia101,S
fatalilies,S
loveisforever5,S
tranquil-soul,S
paxaurelia,S
cockayne-soup-x,S
butiflbruise,S
lost-idiot,F
dearmyfears,S
tartansocks,S
rknickme,F
harsosiipinen,S
meegzi31,S
tarathene,S
buttrflygodess,S
jadedchild,S
adventcloud87,S
morbid-eyesx3,S
xbutterfly26,S
krystyles,S
strelf1,S
happymisogynist,S
subjectochange,S
xsaruhx,S
pookie-mcgee,S
blackhappyskies,S
gramie-dee,S
omgmelwtf,S
blue-angel72,S
thexcallxup,S
zabimaru2011,S
yrmomhascrabs,S
anasilen,S
brikerina,S
n4vy0wnzj00,F
upisdown,F
miss-broadway,S
x-iamthejuice-x,S
h-isforhana,S
dollface-28,S
aeris-resurrect,S
strieson,F
blaisey,F
rising-dawn,S
whispersofair,F
thats-------rad,S
shuichixshindou,S
in5pirati0n,S
kitten-deity,S
mo-ho-bish-o-pi,S
astridas,F
xforsakentruthx,S
mus1c-1s-my-bf,S
drumboogie,S
spiffyellofruit,S
dancexfever,S
yanna,F
avril-must-die,S
orion-metalhead,S
ilovesolitare,S
illusiveterrors,S
christ-opher,S
hcoswimstar2005,S
diany403,F
supahcamgrl,S
chancetoburn,S
sistercrosette,S
artesmoriendi,S
kinky-kittykat,F
asano-tawn,S
corbinq27,S
prettyabrasion,S
kinkybell,S
xsweetness,S
ununpentium,S
crystalsea231,F
alexandrine,S
ilovelucifer,S
anazlyemyheartx,S
habliche-hure,F
emperial,S
cycleksdox,F
lupercus,S
tikklmepunk,S
azwethinkweiz,S
seelenfalter,S
13diamond,S
eweedtarded,S
grotesquemynd,S
mtankiey,S
bostoncrash,S
ladyreb247,S
xeightpackx,S
bpdgaloftoronto,S
muggleboy23,S
momostephie,S
dimonda,F
forgetmenow29,S
freckled-angel,F
chika-bobbina,S
9th-cocaine,S
spongebobluv,S
dreamsofdancing,S
ryoganox,S
whitexdevil,S
buffymars,S
angelcaitie,S
jirafff,S
lyte-reality,S
snork-maiden11,F
selbstgesprach,F
snowchat,S
paranoid-pixie,S
trapped-38,S
in-medias-res,F
eff-yew-cee-kay,S
crazymusicfreak,S
italianbtch2003,S
fadingcold,S
canni-b,S
rose-symphony,F
dabuttmonkey,F
fredguypearce,S
suicidalkittty,F
in-my-shoes,S
hiei-sama,S
wendigo,S
bactine,S
peripheral-01,S
v-xanatos-v,S
lyfe-macabre,S
betterbutterfly,S
emilyzilch,S
xxeuphoriaxx,S
coldplayluvr37,S
patatinpatatan,S
bookworm-04,F
spl00gies,S
helga-1987,F
endinghollow,S
skrumshuz-honii,S
jaydedcandyass,S
saccharin-smile,S
shesastar,S
bella-rivolta,S
tearsofbeautyx,S
kaleidowrimo,S
kissspooky,S
septemberdog,S
ladyr,S
girl-kicker,F
scalton8733,S
novelfate,F
kouji-mustang,S
juiliette,S
suicidangel666,S
denythetruth,S
moondancer18,S
0tiwihts0,S
reddwarfer,F
abandnamedjon,S
cnotte,S
sintillate,S
vanilla-scents,S
notquitedead,S
merken,S
dramapunk,S
laylatrini,F
smitty8410,S
startwith-mex3,S
garapueto,F
joshuatyler87,S
tangerinepotato,S
lilemma,F
anstial,S
miraclecat,F
colinator,S
brutaldreamz,F
yurupop,S
if-youonly-knew,S
beaujour-in-la,S
amagail,S
pink-cheer-ange,S
sexu-elle,S
arshav,S
t0ve,S
loveridden88,S
weirdo-jr,S
black-magick146,S
xhorrorshowx,S
fluffythecamel,F
jkny21,S
gud-daedheloth,S
wouldb-dramatic,S
ekosasih,S
monotint,S
aymelynn24,S
im-not-okay-05,S
mikkiquita,S
yorunokage,F
aoratos,S
swirlylove,S
lostxgeneration,S
ohhhhshestoxic,S
x-loserfreak-x,S
littleskyfish,S
drago-mi-je,S
jenn-703,S
shaynachan,F
ro-astarte,S
femaelstrom27,F
purpleice,S
rexyville,S
wiredclover,S
mtchbk15rmnce,S
left-breathles,S
girsevilmonkey,S
saint-no5,S
rudegirlnikki,S
autovault,S
hyukie-light,F
folkyboy,S
kisskis-bangbng,S
pedag0gue,S
someemptyfriend,S
brats-warren,S
bloodsucka,F
lynzertart,S
vitalijusd,S
rymas,S
amy-su88,S
megumichan6902,S
mlndphaser,S
deana-in-texas,S
bunniekiller,F
igneous-smurf,S
virginityswhore,S
burnthespork,S
keishacornbread,S
hates-2-love,S
peacexbaby,S
sleekcat,S
kaylapaige,S
mythistra,S
minimcr,F
agile-cat,S
nath-vilya,F
sixshades,S
tyrannio,S
ordinaryworld,S
redblizzard,F
torn-emotions,F
insineratehymn,F
readxmyxmind,S
lock-my-lips,S
trombonediaries,S
quesoygitana,F
blurr-the-lines,S
jade66,S
limate,S
brotno-420,S
i-me1t,F
level1yuppie,S
felicitas,S
oncenefarious,S
lucareverie,S
a-spoonerism,F
chemically-vain,F
picknflick22,S
kitsunechan15,S
yo-harry,F
tararegiel,S
whorefeet,S
sk8in-hamster,S
hogans-not-dead,S
mysticalways,S
howtragic---x,F
innerhurt,S
pessimistic,S
rroseselavy,S
hudson-kapoor,S
confusinglife,S
goth-fag-boy,S
dying-despair,S
rustic,F
insomniac-is-me,S
godz-miztaike,S
youblow,S
daft-goth,S
thin-mira,S
life-of-kevin,S
3dbasketcase,F
dismalelysia,S
yukyuk,S
electric-inc,F
despair-theory,S
quietlymanic,S
iluciferi,S
luzichan,S
princess-ingrid,F
fireroads,S
onlyiknow,S
combatxwombat,S
swordoffury,S
sethanikeem,S
murderscenex3,F
alias-god,S
partxtimexhippy,S
inquisitorbob,F
arlene,F
ap-hilde,S
tiffany-twisted,S
trineey,S
lacysparks,S
thisbrokenfate,S
donkeyloff,S
sami39,S
crucialrose,S
xxhidden-painxx,S
undeniablelust,S
sweethonesty75,S
electric-bonbon,F
dragonnecr,S
deletehistory,F
crazygreekbstrd,S
blackvelvtjess,S
boundbyspells,F
amazingamberino,S
maedae84,S
fuchsia-mascara,S
lostinyou1003,S
jackxxsallyxx,S
prozackat,F
smudgedredroses,S
malveillance,S
perfect-mind9,S
astartexx,S
secondskin04,S
socdyn,S
yohbitchface,S
cfchan,S
rebelrenegade1,S
dstroy,S
tothedepths,S
cryingchild,S
happinesstrail,S
rcdoll,F
irenes,S
noah-stevens,S
supernu18,S
whosxcryinxnow,S
grindme,S
neverforgetx,F
mbanana,S
lizzy190,S
haruka2001,F
xxxmandersxxx,S
1suponanitemare,F
yumyumberries,S
deercicle,F
angelsxfuck,S
suicidaldream07,S
2b0otylici0us4u,S
strikexout,S
jadedmusings,S
erin-hotshit,S
cedarsonghouse,F
pink-porcupine,S
stickerz,S
catatonik,S
camp-anarchyx,S
heartsobig,F
absolutewhitney,F
kissxmyxskin,F
the-patronus,S
grassprints,S
reineditalie,S
cynically-ill,S
blackstone,S
eriskegal,S
pengwinn7teen,S
bada-boom,S
so-sorry810,F
jess383,S
x-lamia,S
xkissingxfoolx,S
telepathicbotox,S
parasunny,S
hockeychic4091,S
blondie-babe-x0,S
depressedjunkie,F
dicentrakiss,S
lunarrastar,F
lynedd,S
bustmychops,S
purplestarsfall,S
lilmoonbunni,S
slosses,S
lost-princess-7,S
dieing-soul666,S
xsnakexratx,F
sammisara,S
wlj100,S
knaw,S
narnia-doxy,F
nicki2305,S
marebear190,F
hidden-light,S
plusone,S
fatass-110,S
let-it-singx,S
sexy-dope-hat,S
xjedix,S
seepingmemoirs,S
hotpinkandlove,S
goblin-faerie,F
echofly,F
pyrrhus,S
bizzytwizz,F
remember-nomore,S
dr-xayc,S
lost-dreamss,S
laurenheartsyou,S
stillcutting,S
katttg,S
carveurheart,S
writingrose,S
oooh-my-god,S
superheroaddict,F
band-stalker,S
josiemaran,S
lange-tage,S
babykorn,S
crazy-cowpie,S
kazenone0,S
spiralxdeath,S
bringinsassybck,S
fukengrinden,S
myeyesburn,S
andoutofthinair,F
dashboardwallet,F
bramsalami,S
brianslave68,S
xlessonlearnedx,S
fairys-dust,S
ooincubichildoo,S
poetic-deviant,S
luvcottonballs,S
tarantul7,F
corwynj,S
dj-dandroid,S
haawesome,S
roninknyte,F
435,S
koujisan,S
fags-cant-dance,F
kindras,S
m4trix,S
bizzeh,F
bjornh,S
silver-seams,S
syristi1936,S
goshawty481,S
jem7v,S
mikefox,S
cherryairy,S
malomowna,S
razorblayde,S
mediajonez,S
drummerinblue,F
oh-maria,S
kittiefanatic,S
warmasbullets,S
sweet-olly,S
dimensionwolf,S
rickglass,S
bloodytears-365,S
myzipper,S
000breathe000,S
tasha01,S
aulxdayz,S
worthlesslove,S
mtendo-da-skunk,S
kylerinjection,S
ianelarazure,S
plumcrazynova,F
citymovedtome,S
js-ree,F
last-eyes-seen,S
bleedsnomor3,S
somachild88,S
rockrockon,S
miss--boo,S
darkserenity,F
othell,S
kingprawn,S
koni,S
i-hart-bam,S
myoverdose,S
rebby,F
sveta-far,S
hopes-fall,S
corteaux,S
jimi-lamort,S
azure-towers,S
pappillonrox,S
killer-crush,S
monbeaumeurtre,S
91ranger4x4,S
kuralesechka,S
asema,S
lovely-song,S
baptismofblood,S
amatasu,S
br0ken--x,S
lovergurl136,S
mourningflower,F
jasmon18,S
toknowavail,S
disqollama,S
noonlight,F
witheringxfast,S
dysentary-gary,S
xlisa,S
insomniac07,S
fallenangel625,S
karashi,S
peacelovechaos,F
sarishiri,S
johnbrian,S
deadhamster,F
chickwithwings,S
twowheels,S
nfgmoviestar,F
musiclost,S
corvus-sky,S
slythjenn,F
racemysunfish,S
badassbarney,F
jennifer-kitten,S
tirar-piedras,S
delusions,S
mystarlessnight,S
bloodxnxglass,S
queenosheba271,F
dwaynes-puddin,S
theperfectpair,S
cashmoooney,S
faerydusted,S
kmic,S
happymomo8,F
alskares-enig,S
life--sux--ass,S
firewitch,F
ellie4prez,S
spikewil,S
lad0llyvita,S
mumblingm00se,S
origamigoldfish,F
senraku,S
unspoken-verses,S
frubo-the-small,S
psycho-a-go-go,F
tugsie,F
katobr,S
blue-squall,S
indracarana,S
perryvic,S
krisbenson,S
purple-lamb-lol,S
lakemi,S
vanyok-kangaroo,S
flogg,S
vile-error,S
stolen-darkness,S
journalsuicide,S
kind-visitor,S
ogsta,S
koruyuha,S
glortw,S
shinygobonkers,S
random-meh,F
sass-a-frass7,S
canimakeuohoh,S
stream,S
poprocksandacid,F
punkrockkungfu,S
blondie-x-boo,S
diisa-pinky,F
misfits-scream,S
secretgal,S
bugsy84,F
cerealgm,F
broken-faerie,S
ereyes312,S
kamadu,S
hellobrianna,S
spycat,S
simtimacy,S
tealeagle,S
injectnamehere,S
silkytwilight,F
saltyroy,S
unknownperson89,S
heatherskeather,S
lilamos,S
square-rooted,S
skwert20064,S
xheart-of-icex,F
coast-on-cute,S
shizzle-22,F
i-luv-peterpan,S
noorie,S
douche-licker,S
cookiemonster5,S
good-chicken,F
jazlinda,S
goodbye-sorrow,S
freak-at-large,F
gunpowder-pink,F
audience-of-0ne,S
wassailler,S
orcus79,S
princessbones,S
use-me-hayley,S
indelicately,S
witlessminion,F
wtfmalfoy,S
fed-up-with-me,S
madhatter10,S
leather-sex,S
inamberclad,S
triskara,S
sir-inysh,S
babymuffin,S
awesamdais,F
yukitsubute,S
april-violent,S
cranberryink,S
dance-queen,S
txkxo,F
mrbrightside142,S
w00gie,S
joshers7288,S
kt-hoog,S
midnightxsilver,S
healthnut1983,S
piss-angel-666,S
posers-rock,S
m-perac,S
artesilvia,S
settleforlessx,S
alphasarah,F
aprilbaby7,S
babael13,S
brok3nxsmilee,S
fruhlings,S
m0rbid-pixie,S
inked-icon,S
just-sognator,S
braidedgurl,S
sevillalost,S
eeyoreneedsproz,S
deathisnear19,S
inkhead,S
xx-mushu,S
xheroinglitterx,F
xrazorbladesky,S
wrecked-love,S
bonesofglass,S
readyfor-hell,F
shadowedxflame,S
iamgardengnome,S
moonpuppy89,F
see-me-naked,S
gracefulntragic,S
daverid50,F
action-alerts,S
trashykitty,S
i-spent-it-all,S
ifeartheclaus,S
raccoonmask,S
brokenangel-25,S
dismal-carnival,F
laulauz,S
bethharbison,F
3rd-planet,S
balladrie,S
traincat,S
the-past-two,S
legothunder,S
bz-the-tiger,S
xblackxtearx,F
kyo-iconage,S
apart-fashion,S
anok,S
lenore-fairy,S
lexxly,S
lovesmisfortune,S
99bulimichabits,S
vampiric-monkey,S
doodikins,F
violetsnvalium,S
bleeding-puppet,S
beatlelove,S
mortuusanima,S
myhartisinohio,F
eeminy,F
autodestrucci0n,S
valuables,S
xytio,F
broken-charity,S
satieva-nesmith,S
endlessfaith4u,S
bang-youre-dead,S
travelsick,S
kittiesm,F
darclight,S
pretty-sparkles,S
lanyta,F
fell-for-her,S
cold-doll,S
ashelanna,S
broadway-babe-9,S
iceofpoetry,S
kayalily,S
dancemydazzle,S
angrygravel,S
personalscars,S
samanddean-rj,S
maliaka,S
samarium75,S
i-am-alice,S
jethro-toe,F
questa5229,S
sunburntchaos,S
songsxletters,S
waytoapathy,S
sebaticle,S
onmyown-x3,S
blue-hours-too,S
classicpath,S
subbotnik,S
xeverywherex,S
ducky127,S
thatweird-chick,F
shes-choking,F
xpunkprincesso,S
unordinaryme,F
poison-theory,S
onemonthtolose,S
glitter-daze,S
farbs1590,F
bethamint,F
selling-sell,S
battycake,F
melissal123,S
cj35,S
0o-musik918-o0,S
twin-two,F
whatthefuck-shi,S
harms-butterfly,S
lastxdance,S
ultra-mk,S
sahtef,S
alpinestarshero,F
lostchilde,F
mangor,S
candyrabbit,S
bubble-eater,S
oleyla,S
punkymunky86,S
chad-tw,S
grammar-wizard,S
hrrunka,S
selloutsloveme,S
born2rumble1st,S
halloweenkid,S
randydarkjester,S
thinonce,S
trippy-insane,F
hopelessgirl22,F
jones-girl,S
bleedingmscara,S
fadedglory82,S
fallenstar12316,S
mchec,F
wel-i-would-say,S
nosgirl,S
matt-gunner,F
eropkin,S
puffypaws,S
melicat,F
miyahearts,S
allgeekslut,F
crimsontears-85,S
lets-kill-music,S
gypsygirl,S
peanutbuttaz,F
spunky-mojo,S
nicmic,S
sweetpea144,S
british-weirdo,F
emmakat41,F
barabasik-me,S
blinkgrl,F
jeliku,S
chiktoi,S
himvalofan86,S
beautyofrain-x,S
marsbird,S
violetriot85,S
mgkblurose,S
benj-666,F
lacrosseroxsox,F
iluvthe80s56,F
violet423,S
artemis-rising,F
dreamynytemare,S
blue-sensoria,S
ajheartsleah,S
daeny,S
vintagehorror,F
likepixiedust,S
zelaena,S
salustiana,S
sarahs-cutie,S
sugartoxin,S
espionagex,S
myorp,S
magicalweasal,S
shakatany,F
justatwig,S
xhurting4u,S
msi-molly,S
violetcheetah,S
13-2-elf-1,S
kimberry531,S
kiriluss,S
lindzduckaa,S
emstapole,F
j1994,S
oh-so-ely,F
secret-tears,S
frodo-harry,F
smellyleaf,S
long4got10,F
killing-pablo,S
grrmoo,S
clubkidd20,S
falloutgirl26,S
bloodandlove,S
narkivity,S
saraxelizabeth,S
x-ms-princess-x,S
freneticfloetry,S
zorias,S
ferndorn,S
damaged-beautyx,S
beeka33,S
maarkage,S
owthatsmyface,S
cutiemommie,S
xdevlbearx,S
xo-ashley-marie,S
chocolatkisses,S
steve2000,S
the-letum,S
iamsooverrated,F
i-eat-bamboo,S
princess-tess,S
nancyhightower,F
alexgoes008,S
colourxmexthin,S
devilish-rose27,F
danksgirl9303,S
xforsakenpainx,S
o0o-jen-o0o,S
theironpunk,F
quant,F
phenobarbidol,S
calli-wulffe,F
nville2day,S
stronglikemusic,S
bhsgal-15,S
pyata,S
xxxskababyxxx,S
ordinary-pain,S
can-i-puke-now,S
polkadotie,F
stonewolf,S
goslinkygo,S
anorexic-soul,S
on--42ndstreet,S
stateofminds,S
dyna2000,S
fuckedupchick,S
cuttergurl85,S
blondette219,S
postingwhore,S
waiting4him18,S
also-warriors,S
songbird77,S
callmegodzilla,S
hldndwda,F
moonsparkles,S
flubber3m,S
nosugarsadded,S
uhoh-emo-me,S
bach-off,S
littlemissmee,F
sortainsane,S
rockerchild,S
dramaticfaerie,S
hopesxfall,S
velvetcherri,S
madisonavenue,F
withwingsablaze,S
orare,S
magister-mcp,S
devilbat,S
wrsickert,S
necro-lust,S
lovefreely,S
justright,S
theheartsong,F
lilpimpmaster71,S
darkprincss,S
bbyspamuel,S
s0-fir3-at-will,S
seraphina89,S
space0xdreamer,S
capital-idea,F
o0-koneko-0o,S
jennica101,S
ambonee,F
pimple,S
celestialcat,S
bethfehlbaum,S
katlean,F
xxx--fxckitx,S
bleed-xx-black,S
darkcoffee,S
abortedjesus,S
alt-nikz,S
redefined-god,S
gothicfairy666,S
millie10468,S
fatelesseyes,S
xhatebreedx,S
radpinkconverse,S
lmichelle599,F
onceand4all,S
broken----fixed,F
dgkatie06,S
uabeetle,S
socialholocaust,S
xcorpsebridex,S
such-stories,S
xcoldmemoriesx,S
kellyishappy,F
chdrnofbodom,S
athenstorm,S
abbyanne,S
ca18slyd,F
kalorii,F
fuckingalterego,S
rach2616,S
cali-shygirl,S
punk-princess01,S
djgame,S
araenel,S
flash-of-ginger,S
chazychazgrl,S
bumblebee1390,S
xsolastsummerx,S
j-used,F
shattered-hopez,S
fmyates,F
stars234,S
cittenscollar,F
angelicmousegrl,S
zoroko,S
coitustrek,S
breathetheair,S
cyp,S
ledy-winter,F
rottenwaste,F
moderndaymedea,S
chrystiff,S
your-new-cuckoo,F
shatterednerves,F
freaky-kiki,F
darkangel4u164,S
wnrnthecore,F
gipsyyipsy,S
carcrash-theory,S
just-plain-meg,S
rasta-bby,S
nintendork,S
whatever2000,F
midnightfangs,S
genduntsomo,S
punchykendra,S
ass-kickr,S
aoereiji,F
xtaintedxangelx,F
blazingfurious,S
x-iluvyou-x,S
xnightxwishx,S
scarletsunrise,S
strive2be-thin,S
trina3,S
chronophobe,S
elamentation,S
wakinguptous,S
calyn1,S
swordman-hinote,S
foreversybill,S
plsmachic,F
evilpinkbubbles,S
holloweyes,S
aftrskoolspeshl,S
wtfd00d,F
rohipnol,F
samurai--jack,S
latex,S
adkok,S
goddesskitty,S
hazelstarz,S
shell-77,S
make-you-sin,S
duke-de-muke,S
allmuzedup,S
little-lost-one,S
meeki652,F
bleedingcolours,S
heres-my-fist,S
slowly-i-die,S
urhottih8u69,S
truckermullet75,S
lucubratrix,F
bechamel-azur,S
darthkit,S
blisskatie,F
spoon-com-ua,S
loveis-fake,S
loser-in-pink,S
45-calliber,S
herpickleness,F
toxiccatnip,F
bloodraven,S
xtoo-brokenx,F
psychocy,S
wilderose12,F
zackwolk,F
dorknaked,S
angryfreak-goth,S
questforjess,S
nojoy4u,S
ane4061,S
rainbowgoldmine,F
hardcore-joan,S
thingwthfeathrs,S
jamaicanjungle,S
linka-lebedeva,S
havoksk8,S
xk8tx,F
sandlophon,S
xxxserenaxxx,F
bluecat42,S
hangyourselfnow,S
spabatz,S
greenwomancraft,F
the2ndvariety,S
indnor,S
bifempagan,S
lushus-sickgirl,S
shayd-lady,S
beautiful-scars,S
chrisisacretin,S
washer-woman,F
boxshaped-heart,S
blood-ecstasy,S
nicolemoreau5,S
zero7teen,S
annachronism0-0,S
asynje,F
drakbee,S
stuck9,S
delongestrat,F
punkrebel716,S
zmook,F
metatron31493,F
nerdxslut,S
its-ashwood-2u,S
melted13,F
vixen1316,S
hurtsoul,S
shadow-shizuki,S
gone-beyond,S
thesyztemof7,S
greenjelloforst,S
fingers,S
antelucem,S
tinysecrets19,F
t3hsandeh,S
raging-quiet,S
glebus,S
lev-son,S
buddahbooger,S
poserinpunk,S
ruby-sceptre,S
miis,S
squigeon,F
xxcookiexx2005,S
andiisthename,F
guttervomit,S
dclore,S
hell0xg00dbye,S
doctor-paradox,S
miss-kathryn,S
0n-the-edge,S
bzoink-itsme,S
the-guestage,S
ilovejefferson,S
calibansmirror,S
24-amends,S
ewe-knit-black,F
xthoughtcrimex,S
crazgirl1217,S
badgerdaork,S
lisea,F
moonlightrose,S
r0b,S
williamrandy,S
dicklerstrapp,S
shura11,F
shardsxofmex,S
white-feather,S
coyoteflatbread,S
xcryingblackx,F
quollity,S
cheshire-sphinx,F
snaegel,S
larahead,S
pixel253,S
cykotik123,S
one-bitter-pill,S
roxy-sox,S
vasian84,S
xolovemesweetox,S
thepenismightir,F
murisaki,F
digital-damita,S
x-omfglifesux-x,F
reticentsoul,S
cuter-than-you,S
sheltigrrl,F
fionas-makeups,F
brighteyedamy,S
duckie--8221,F
nickolai322,S
shrek5,S
liz-sweet-pea,S
angeldreams18,S
johnnyordinance,S
donthaveaprob,S
takeme2arles,F
adydea,F
golden--touch,S
die-with-out-me,S
eventide,S
blondie6969,S
gir-the-bunny,S
lil-kitten1989,S
thiseluciddrm,S
scremnginnocent,S
keith-crimson,S
yalanna,F
bripirateprncss,S
mg-apply,S
disruptr,S
criickett,S
chaoticsilencex,F
carebears18,S
greentea287,S
ohh-thats-cute,S
broken-inside15,F
bandy,S
saibaby79,S
strawberryautie,S
fallen-wyvern,F
bubblesung,F
shadowlynn,S
floydiankate,S
p1nksocks,S
alex-music-5,S
flame-bitch,S
fyrefly101,S
lex-munro,S
anglesangel,S
ninjamonkey9,S
kickin-arse,F
sulphursoulseek,S
corrupted-young,F
beyondlables,F
kitsune-tsuki,S
mlo1114,S
te-stesso-saper,F
lauraaubrey,S
pixiefloors,S
iluvpinkclouds,S
girlsnotgreyx,S
chlorinehamster,S
mandyfins,F
jesuseatspeople,S
icutwood,S
valentinenicole,F
buddyxb0y,F
goat4yew,F
ballerinaagirl,F
selenaelizabeth,S
instynct,F
illudium,S
thats-sochristy,S
korn-orgy8127,S
mad7o7,S
in-bloom81,S
quod-erat,S
calemiri,S
evil-wonders,S
shintenchi,S
phool4xc,S
bree-bee22,F
lsims,S
codekitten,S
shadowzerox,F
hewittv1-8,S
alyt,S
glisteningocean,S
darkbeforedawn,S
akissuntouched,S
queenfanfiction,S
j-jordison-gurl,S
evenmanjebus,F
rapunzelyn,S
serenaluvsron,F
comessary,S
mysocalledlife,S
evildeadpoptart,S
xxxhatemexxx,F
misplaced-faith,S
joshuaofchurch,S
starving-bones,S
inert1a,S
iliveformusict,F
xsuicideheartx,F
calzephyr,S
sincerelyme86,S
pasqualesyj,S
apple-slushiie,S
donteven,S
imincrediblyhot,S
my0wnw0rstenemy,F
crimsontears,S
punkboi,S
iciclddtkoke,F
xoxo-mila,S
darknessxwithin,S
scarla,S
jrsbabybudgrly,F
ishibishispider,S
amotuvoos,S
naermint,S
xxcrimsonlipsxx,S
hotboz2007,F
ziggarina,S
liveluvtrustfly,S
slowly-breaking,S
romantc-tragedy,F
deadfirefairy,S
rach69,S
chemical--heart,S
shinnsou,S
disordered-lies,F
zintheus,S
lostinsideme,F
lemming-man,S
luppielulu,S
xsokillmegntlyx,S
wait-and-bleed9,S
deathchicken,S
desired-writer,S
xsweetmexangelx,S
ceazkat,S
der-kurbis,S
dietmodern,S
hollow-konpaku,S
destructiion,F
coldnoonegurl,F
razorthinink,S
katskeep,S
boolip,S
chame,S
lil-miss-mei,F
josephdarkwater,S
siro-gravity,F
lost--x--dreams,S
cucumberqueen,F
lightmanca,F
yasli,S
n0b0dyxkn0ws,S
cultureblinded,F
cmsgackt,F
bloodslave,S
cottonears,S
indecisive-jaci,F
e-nig-ma,S
bitchitup,S
vunja,S
blizardridar,S
rowena-gwen,S
eyesofbetrayal,S
leazercm,S
femmered,S
iatewhatnow,S
kiarapanther,F
unknownj,S
nudosdecereza,S
alexislogain,F
lil-macgyver,S
xx-kelsea-xx,F
wenchlet505,S
takeasneeded,F
isabellaxxcsi,S
herzfrequenz,S
lunatwilight,S
pintothedog,S
team-love,F
bleed-the-earth,S
lucy-the-slut,S
et-tu-lou,S
annahsan,S
bickeringlove,S
cuaa-jm,F
petal-bleeding,S
xskinlikewinter,S
tracy-joy,S
rbince,S
jeebus-of-doom,F
sewphisticated,F
lingeringdeath,S
draion,S
tink99,F
sheebang,S
bucketsofpills,F
rentscreams,S
lina6802,S
insertslaphere,F
sacred-reign,S
differcultxlove,S
disgruntleddork,S
kbombay,S
kensho-satori,S
cerebrate,S
grandaddynebula,S
stick-bug2,F
sandtiger,F
crus,S
pepse,S
nominater,F
lisalovexxx,S
junkieonline,S
koboldmaki,F
girllikesboy15,S
void-walker,S
drakonpazur,S
erda-e-lena,S
anandimide,S
vivid-cicatrix,F
brandie,S
starlightmasque,F
nikabh,S
princess-eliana,F
psychicdreamer,S
hime-naya,S
lizzy-fav,F
uhoh-its-erika,S
badxx--jane,S
glimmeringlight,S
circebleu,S
tennants-lager,S
cutiepie52,S
nomemories,S
dancing-twinnie,S
inellezshayra,S
maryelfe,F
crashedcarlove,S
rewashed,S
rkenshin18,S
cookmyzombie,S
fireinmyblood,S
musicalentropy,S
spidergirl-jen,S
xiremain,S
yamiandhikari,S
jennyej,S
bulgy,F
shandicat,S
ganglia87,S
digital-ferret,S
vogdoid,S
nay69,F
x-abbey-road,S
razor00sharp,S
xbeautyisdeadx,F
pinky48198,S
clearamerican,S
statictracer,S
sdnil427,S
fujin06,S
blinding-echos,S
giveonefor-16,S
aira1990,S
thoracic,F
ultimate-volvox,S
worldprotector,S
moodmonkey,S
lastlonelynight,S
mattius-minimus,S
kyo-no-miko,S
biggie4421,S
limabean567,S
wanderlonely,S
meggers47,S
tamayaki,S
sabishii-kirito,F
bummernsummer,F
damnseagulls,S
symbion-pandora,S
slowpete,F
salemhtm,S
pautina,S
mavenu,S
strang3-gir1,S
nonconformity93,F
tranceravergirl,S
joyleaf41,S
tecrenia,S
shatter707,S
ijessika,F
c-ash-flow,F
sad-blu-kat,S
itstehfancykid,S
kassidy62,S
zemlyanoff,S
bow-tie-bunnie,S
ur-sweet-touch,S
nidaba,S
nicolah123,S
katie-iscrazy,S
kieap247,S
living-deadgurl,S
stormscapemagi,S
lifeissostrange,F
shrinq,S
mulletslayer,S
lo8afish,S
selphie-cosplay,S
minkyboodles,S
babie-dunn-5244,S
midnitexeyes,F
me-harrypotter,S
fruiitopia,F
blurredeyes,S
sxe-spells-sex,S
thebluecookie,S
simplydisturbed,F
ceciledementia,F
canadianvampyr,F
fairydustgirl,S
esquimao,S
handgunsnlove,S
sandwich-burger,S
searchingstars,F
soulabyss,S
kosh246,S
f-o-n-y,F
maiaj,S
pernille-is-me,S
letstradehearts,S
dumb-cute,S
serena-mare,S
britneychaos,F
booniverse,F
cut-till-i-feel,S
contagiousdream,S
prettyredtears,S
waldenwalksof,S
fullswornenemy,S
numbingpain,S
gwyddion,S
cruciatus-x,S
thecsus4,S
spaztazztic186,S
xprosthetichead,F
xopenny-lane,S
piano-man,S
evergreenmusic,S
asoundofthunder,S
tph,S
thewolfman7,S
nitti17,S
marciethefat,S
astutenaivete,S
brownlupine,F
angieelz,S
pink-betty,S
loves-wh0re,F
rinku-64,S
kixxster,S
una-m,S
nekotenshi,S
let-it-burn,S
reznor-slave,S
sacha88,S
asurrealist,S
last1dead-696,S
zachismisit,S
xdyingtobethinx,S
painful-sound,S
cellophanerealm,F
the-bustoid,F
iddietobeyou,S
busk,S
takai-sachi,S
wants-thin,S
gatitanera,S
medium-x,S
death-angel22,S
rhapsodica,S
angelout2killme,S
princvegeta,S
spydrei,S
crazilystriped,S
mr-magik,S
beyond-repair,S
vhisper,S
glamorous-fish,S
bethzc,S
marsstone,F
tansei01,S
tinkerboo,F
summer-wolf,S
kuro-ryoushi,S
starlightsdream,S
fauxmiddlechild,S
persephone-jane,S
alldoubt,S
opheliac87,F
riverthyme,F
wakemonster,S
arcane-badger,S
lyricsrawk,F
onix-cyber,S
popsicle-sticks,S
blaidd-wolf,S
kennytrent,S
sorrow-no-more,S
sadendings,S
keechakatt,S
clockwork-sara,S
sweetxxreece,S
roeita,S
wearenotso,F
jim-stencil,F
abra,S
lifeisamusical,F
tlseidel,F
hikaru--x,S
title-tk,F
ashesanesthetic,F
hungerxpain,F
bebeangel016,S
ciagretteburns,S
700-miles,S
quirkyinla,S
flaminggoddess,S
krasnyfox,F
krice-99,S
lisaisgod,F
kickadee,S
vovinoiad,S
greenmountains,S
muse-mad,S
take-my-life63,S
peregrinpip,S
sadie-babe,S
nickjonasicons,S
littleghost45,S
sacrificedhuman,S
mr-chatrat,S
faithi,S
martha,S
soullesswhore,S
imnotyour-starr,S
blackpaper1412,F
anxietyelf-art,F
brokenstarrs,S
tetar,F
theadiet,S
yamiclara,S
darknfallen,S
duchessdemayhem,S
shrinkingfreak,S
marikom,S
xarinrex,S
skywoker88,S
poisonxoak,S
ugly-letters,F
leah17,S
lookima-ninja3,S
beerwulf,S
maggie-benjamin,S
filledejoie,S
xonlyxaxkissx,S
kandi666,F
05kittykat09,F
pushmeshoveme,S
puremania,S
zamoroch,F
stu-phoenix,S
unlovenotes,S
slowdumbshow16,S
hyperventil8,S
ashleighlaurenn,S
oh-adalia,F
iwishihadwings9,S
nucklebuster,F
pyro-babe,S
free-d0m,S
yoshistar4,S
ravenophelia,S
xrupx,F
flaming-kitty,S
dontleave-her,S
cranberriesboy,S
nefriend,S
lildoseofhappy,F
chaplinxiv,S
im-almost-gone,S
wineandravens,S
vetbright,S
whenwillibe,F
jaronoff,S
magdal,F
paperpulp,F
bob-loblaw,S
bloodied-roses,S
mchobbs,S
sabletulip,S
raintaravez,S
light-addiction,S
silentsecrets,F
canasian,S
with-no-return,F
netan9el,S
kalifornia,S
rozae,F
xmidniteshadow,S
aoifangirl-desu,S
killer-pelicans,S
oxoxkiss,F
slow-loving,S
rio-keshi,F
autumn-luv,F
snapesbbwlover,S
abitofalush,S
tst-txt,S
hippy,S
cagedverb,S
anneelise,S
badgermonkey,S
heroesdieyoung,S
msi-brat-girrl,S
pfaelzer,S
bowling-babe,S
hatethisplace,S
thenetimp,S
seexmyxdreams,F
little-fugue,F
skoolgurl,S
shadowdisease,F
whcheung,S
assole-swamp,S
chelseachainsaw,S
hopelesslylost8,S
skabassist,F
pre-calculus,S
crimson-dreamz,S
xxunconditional,F
slypinin,F
ka4ok3000,S
flaviapunkrock,S
xthrowdown,S
remmirath,F
xloveemomusicx,S
dans01,F
tiara-hikari,S
xhatetofeelx,S
herzeleid87,S
xlivexlovexdie,S
mirk,S
strokeofchaos,F
kiss-my-wounds,F
meltedfabrics,F
alligatorz,S
ravenmist7,S
prophreak,S
the-dark-realm,S
xbloodredscream,F
ladylucy888,F
punkstuff-518,F
tasogareika,F
pretty-in-punnk,S
k9-mark-four,S
guitarskaterguy,S
milkywaylover00,S
little-tomato,S
jesus-loves-zak,S
aschedjidoi,S
ichbinfliegen,S
spring-loaded,S
kittymaggot,F
horsey-rose,S
tragic-culture,S
swisshearts,F
x-cutupangel,S
xcecilia,S
thatineverhad,S
lastson,S
f0ry0ureyes0nly,S
motoxgurl24,S
hamidachan,S
ohphewy,S
lincolnloggirl,F
xbamargerax,F
evilspawn05,S
blissfulmisses,F
xxafbarbied0llx,F
meroko14,F
squirrel-raider,S
maneater-fearme,F
masked-wanderer,S
seina-lux,S
vigormortus,S
slipperynoodle,S
o-l-e-s-s-i-a,S
chasingxcomets,S
nysie,S
demon-distorted,F
afi-black-wings,S
thezodiac,S
taitum202,S
emo-shaman,F
citylights03,S
jianna,S
loving-coma,S
urdadispro,F
gothrose,S
aischrolatry88,S
undieing-pain,S
trickylady,F
spoilmyinvasion,S
whitnail,S
midnight-tribe,S
catalana,S
belle-eyes,F
super-suave23,S
christinarey,S
explosive-icons,S
murderdoll56,S
monkaysex,S
serpentbite,S
be-not-proud,S
darkman424,S
laima,S
toraboruta,S
xandreax,S
iamsobri,F
fascist-pantees,S
indigo-arachnid,S
kerrazysharaxo,S
twiggyrexic,S
lost-souls-die,F
gothic-girl,S
madminx,S
saturdeiix,F
orpheusawakened,S
marsupialqueen,S
frozen-life,S
x--makeithurt,F
aeroplaneashes,S
damn-you-bob,F
heylovely,S
pilot-trowa,S
autmn-misery,F
lostintransit,S
drterwilliker,S
sora-chan,S
venetianquiff,S
upendra,S
jacedamian23,S
vellocetdrunk,F
hurlygrl893,S
dancemaker,S
theexiled,S
stephxoxox,S
tarable,S
emelyan1990,S
goblinpunk,F
midnightraverbc,S
lazred,S
loatiloat,F
marius-nephilim,F
stilljustharry,F
dads-1i1-defect,S
shimatetsuo,S
bonespodcast,S
mbroaddus,S
god-is-red,S
to45kilos,S
glassdove,S
kstewislovex,S
minga13,S
hondo-azul,S
hotpinkxdesire,S
white-liter,S
sexyvampnina3,S
lonelygal735,S
zealouskid,S
hate-ur-lyf,S
bc-biatch,S
starphobe,S
dealwherscrdhrt,S
xflying-leaves,F
jenavira,S
xjessex,S
castingtube,S
secrets-so-sore,F
noxeyes,S
cantwait4tattoo,S
furious-yeti,S
lithium-snow,S
skavacado,S
me-think-whoa,S
the-metatron,S
cathicks,F
sakuvonsuicide,S
msmollyb,F
fallenangel138,F
girlinthebox10,S
jaded-optimist,S
soundophiliac,S
xgumballx,S
amnesiaofheaven,S
tennerz,S
e-w-gullet,S
deaselene,S
adversefate,S
snow---queen,S
singaporeeee,S
trafalmadorian,F
frmtheinside,S
drsarcasm,S
rx733,F
klubrepublik,S
daogre,S
quixoxotic,S
cinemagirl,S
vwl,F
sassenach888,S
fallingxskies,S
dietcokefiend69,F
hospital-lights,S
rcgraphics,S
sidhefire,S
lvlurderdoll,F
x-cambria-x,S
castironlocust,S
ana-sobriquet,S
coin-boy,F
wangch61,S
blesstherich,F
neonfairy,S
lexibabyo3,S
jam-the-duckie,S
zang,F
xsugarkissesx,F
sahrenah,S
tinyturtle,S
ripley99,S
viciousbleu,S
disturbedjackal,S
eternality,S
marcassa,S
ikissleadsingrs,S
aguarock,S
kcobain-baby420,F
sharp-obj3cts,F
typical-tragedy,S
o0o0-xtina-0o0o,S
bruisedfairy,S
perpetualone,S
shallow-memory,F
tatteredshoes,S
inthevast,S
zuisa,F
ilovejimmyurine,S
kissbagel,F
mickieashling,S
latinloveking,S
youhaventseenme,S
soidanae,S
ianhotstud,S
xbluexpixiex,S
wasteofpaint-05,S
franflutewitch,S
baby-kdrd,S
xkiss-and-killx,S
failursuperstar,S
toxic-creep-666,S
khildaehith,S
boom-shesaid,S
blindphoenix4,S
notbatman,F
thecoolestgirl,S
dbcgirl,S
extatorzaire,F
discoheart,S
dragon-darigon,F
coyotefire,S
coldestbones,S
06061944,F
dancinbabexox,S
hablich,S
ignitionchicq,S
watch-me-pogo,S
fallenangel25,S
blackarma,F
ninhursag,F
you-lush,S
padonok666,S
space-beetle,S
probrosa,S
murraydm96,S
miss----robotic,F
garrisonstarr,S
kaikai15,F
cornered-ego,S
gmajor,S
gjaneo,S
rminct,S
plastic-hate,S
omgwtfdarling,S
yamitoyume,S
xxroguexx,F
xoxlovablexo,S
brotroast,F
holdonlilgirl,S
limb-to-limb,S
edible-socks,S
jenius,S
rumielf,F
patronfusila,S
asgardianing,S
i-h8-men,S
sapphiregodess,S
caprice-amadora,S
loveisalatte,S
casabonika,S
dici1217,S
rainbow-smith,S
killer-llamas,S
mikebrody,S
oldbloke,S
sabrespawn,F
chadm,F
petit-niaiserie,S
rootnibot,F
normanchua,S
dark-n-scared,S
anothrfadedhero,S
xinvisible-inkx,S
reddish-radish,S
cozycloudabove,F
xxxjolenexxx,S
midnite-drive,S
oh-sport,S
little-needle,S
binxy-penguin,S
athanatos-nikhs,S
unshine,S
kaitie-87,S
wontonn,S
sourboi,F
emwat,S
xclockworkorngx,S
killersmiles,S
souless-lover,S
belial-rattie,S
misplacedmandy,S
guitaristzrhott,S
jadedspectre,F
yoshinashi,S
beanochavez,F
anakharisova,S
stupid-jackass,S
strawbizzle,S
sushie-shuakhwe,S
rockycoon,S
beth24shizzle,S
xxxsmackerxxx,F
sundrunk,S
natb1404,S
viel-of-shadows,S
aralieclauds,S
urockmysox69,S
xbabyblue-eyez,S
zougwa,S
silently-psycho,S
purpleacv,S
thetasermonkey,S
newandhealthyme,F
alg676s,S
luna-torquill,S
jilliansummer,S
bananagrl,S
mylastserenadex,F
rag-dolli,S
alreadyblushing,F
sdmf-5150,S
penguinatemycat,S
jadarko,S
alatariel-s,S
daranyi,S
sunshinefades,S
the-special-two,S
digitalbreeding,S
a-logardiere,F
lovelyblood666,S
highlifevista,F
aimeeroxanne,S
maroon5star,S
hawthoerne,S
its-the-rush,S
echo8907,S
themandan,S
xaxxa,S
bravesbabe145,F
killedxdestiny,S
mytimehascome,S
imperfection4u,F
saintspike,F
kidsnurse,S
strwberykissez,S
veggiekylee,F
feenkind,S
the-hamburgler,S
herna,S
makemeperfect95,S
blooddesire,F
squee666,S
x-stab-me-x,F
linkinc,S
oddie-rebel13,F
bowtiecamera,S
therightstuff3,S
nxdkittie,S
insilenceiwin,F
burymeinblackx,F
werdtoyourmoms,S
extazybomb,F
unknown-meaning,S
rustedempire,S
ghoul-fiend,F
lidacatherine,F
chaosinthedust,S
inhortte,S
barbaricpoetry,F
silencing,S
yellowoodstock4,S
ms-arson,S
kikashu,F
emoxcow,F
in--her--blood,F
dark1whispers,S
innayankevich,S
red-daydreams,S
staccato-volley,S
homemade-sign,S
scarletmagdalen,S
karenandpoodle,S
ayeshiluvspink,F
citylightsx3,S
harleyquinn03,S
wastedcreation,F
smth-about-her,S
courtneymacall,S
x---lovemex,S
lf-celine,S
proctor-grace,S
vanishedximage,S
xxrazorbeautyxx,F
flattery,S
je3verett,S
xsavvyxsweetsx,F
suki-tegoshi,F
jemmstone,S
loverlyperfect,S
self-mutilation,S
chibisapphire,S
metalgyrlacd,S
shubequential,S
ufohelena,S
zshp1411,S
solidgroundcafe,S
foxychix56,F
brokensunrise,S
burnttofu,S
clock-wisee,F
myzika,S
lioness338,S
mr-mc-m,F
sweet-demonesss,S
macross-007q,S
kylie-forsyth,S
amantsjaloux,S
obscurityme,S
bboyrudebwoy,S
hyggelig,F
jessey,S
visualkeistjuu,S
gorgeous-afo,F
mirokus-heir,F
xxxneondinoxxx,S
european-ninja7,S
xx-xd-xx,S
inkyspider,F
back2real,S
justpressrewind,F
15cutstimesme,S
lady-deliolinde,S
skidd-dog,F
killerewok,S
cuh-rayyzymatt,S
yellowbuddha,S
xchasingxblissx,S
capnstinkypants,S
thelinus,S
ethan13631,S
anubisgrlgoddes,S
deftonic,S
tutter41,F
blackest-soul,S
entscheidung,S
grasshopper3,S
jedikay,F
xtc-cub,F
fisher-queen,S
franzvonfranco,S
abonanza,S
lentyaika-md,S
mcr-venom-babe,S
lieblingx,S
cominginsecond,S
prisioner-382,S
drjudgement,S
valosgirlqueenb,S
magicaltoast,F
captaingato,S
foal54,S
h0llyw00dending,F
fargirl,S
radchenko-kir,F
queenmeg,S
thepast-recedes,F
richelieu,S
hitmandreams,S
ilove-sugarcult,S
bullet-memories,S
loserchick8503,S
hohum,F
paintedxlie,S
autumnthought,S
babidoll411,S
girgotpiggied,S
pseudo-reality,S
arashi-fan12,S
scunner3rd,S
blythiee,S
implord66,S
theycallmetexas,S
dead--alice,S
trackpanties,S
anonymous4283,F
lennywants,S
guy-with-hounds,S
uncle-trend,S
dementation,S
meamuse,F
absinthereality,S
ucanrockmyroll,S
agothchick,S
meggosaurusxx,S
stillthere4me,S
turtlechelle,S
forgetmenotdead,F
heartxcorexx,S
angelicsky,S
yourmyhero,S
singlemaltsilk,F
lollipopornstar,S
crazy-lunatic10,S
everythingfails,S
cutiebitch,F
caraway,S
joe-the-stamped,S
living-2-die,S
grischa-gean,S
hotelcali,S
lily-is-dancing,S
succulentxpeach,S
princes-mascara,S
twilightskys,S
blacksharpieme,S
nighterudite,S
termiter,S
nurikoplushie,S
brackishwhore,F
eat-glass,F
sweetart103,S
reaction-filler,S
kittie-pop,S
stupid-kid911,S
wankers-fate,F
fienduntildeath,S
maweanne,S
g04t13,S
bloody-gashes16,S
mathematician,S
swelegant,S
supermanx24,S
pixie-dust612,S
deviantt,S
suicidexspider,S
joegrav,S
emmajane007,S
alyeein,S
queenc2346,S
deadcoldcracked,S
sweating-blood,F
fashionista74,S
hellothere,S
iskra1905,S
chekerz,S
travallian,S
ilovefishhair,F
baritone-black,S
citrons-jaunes,F
amisophe,S
dontcrydelilah,F
hurtmyfeelings,F
jeebybaby,F
gravelrashinc,F
miss-misfit,F
xxsexiechicaxx,S
spazzgirl990,F
evyice,F
xlolliriotx,S
jacey-white,F
hostage-crisis,S
hand42,S
dustybottoms,S
bound-n-broken,S
over-and-over13,F
threefourteen,F
winter-ashes,S
yumesekai,S
sketcheverry,S
atl-soul-less,S
riot-grrrl-sid,F
ixhardyzgurlxi,S
brandnewshadow,S
shakedown-st,S
uselessdreams7,S
astra-accipiter,S
leopardqueen,S
smeyer-fanatic,S
yeaimastoner42o,F
xradio-ga-gax,S
jennrock,S
poodie2005,S
violetlovestars,S
windsy172,F
tbschemer,S
tofiel,F
muffinoftruth,S
billy13184,S
dragonfly22j69,S
macb3th,S
antbrodetsky,S
rhythmaning,S
violet-neko,S
shasuke,S
jcubmn,S
bernadetteed-0,S
grlyskellington,S
hermi2,F
caat616,S
fattucchiera,S
hippieguy,S
kittsune,S
darklife86,S
luminaryrefuse,S
iampooped,S
brokenbeauty-x,S
despa,F
fairygurl7,S
xemo-grlx,S
inheat,S
rayagabbiani,S
nightforcecynic,S
imagnaryrealite,S
crazypinkstar,S
ophelia-w,S
poemetry,S
a-sad-sad-soul,S
samie-dg,F
x-crackerbox,S
virgillovesyou,S
wwg23,S
versace-foxfire,F
devious-shini,S
my-pink-sneaker,S
arsmoriendi,F
argy-icons,S
lexylynne,S
xmy-only-escape,S
ohsnapple,F
babytalk,S
deathbydisaster,S
phantominkheart,S
ana-layla,S
mistypaw,S
gasmsinc,S
golempuddy,S
wickedwidow22,S
strangelings,S
ayaboy,S
xblazed69upx,F
digitalityx,S
i-still-unravel,S
flutteronby28,S
sweetacid,S
elahrairah,F
suicide-pact,S
daniellamarion,F
k-or-michael,S
aori-tsuki,S
bloody-peasants,S
lehena,S
knightpainter,F
pus-fetish,S
meglyman,S
trippingdaisies,S
finnishdiva,S
iffi,S
kido-savinskaya,S
phoenix-aurora,S
planetgeorge,S
toastysoul,S
the-dark-womble,S
oz-kitten,S
crazyqtinlove,S
broken-souls,S
minaaino14,S
xstarvemepretty,S
the-local-echo,S
norm-life-baby,S
sweettessa-nj,F
ratte,S
s0cial-tool,S
ninja-toilet,F
daemondepressed,S
illubrious,S
faithful-kiss,S
animalsaresex,F
lotaspice7,S
shmackbella,S
lacrymosa-star,S
krazykurry,S
mafianurse,S
sccrpoetichoti,S
f-w-nietzsche,S
herowilldrown7,S
hislipsarepoisn,S
t-o-e,S
hxh--killua,S
epistolarie,S
mablungoronra,F
blondie-42o,F
sweet-misery13,S
pinkpaperheart,S
int0thedistance,S
xemptys0ulx,S
grist,S
somnioimaginor,S
greenleetaylor,S
katiehawaii09,S
know-me,S
sad-skittlez,F
geminific,S
exed-out,S
a-libertine,S
master-igal,F
mobadger,S
szczur-system,F
dancingmothers,S
eol-iz-angbanda,S
akilatem,F
lironthemoron,S
helsic-fangirl,S
lungslipslocked,S
quetzacotl,S
food-is-fatal,F
prettylights,S
jazzyfizzle08,S
crazygirl-555,S
xsarahxleex,S
eggblue,S
absolvedofsin,F
pr-sexmaster,S
gabriellemuhreh,S
kennings,S
paistypinkfishy,S
fuckyrlovesong,F
lack-innocence,S
kareslife,F
onisty,S
aota,S
lemonblueblack,S
unseen14,S
twister33,S
bohemianrhythm,F
xlost-hope007x,S
aly-enkeli,S
funmastah,S
grimonygug,S
deadgrlzdontcry,S
diet,S
polyxena592,F
dark-angelle,S
lynn-o-zombie,S
letroubadour,S
irishessence,S
xetherealx,S
choirbabe24,S
jupiterprincess,F
kiis-me13,S
rachelrhino,S
sweetbitterness,S
alexas-demise,S
rub-duck-fetish,F
greenfamicom,S
theprototype186,S
kostasdb,S
lyly-hameron,S
pure-paradiise,S
lavidamezclada,F
wishful-flare,S
xnomoredramax,S
sesquipedalias,S
gothgale,S
erickah,S
doodle-writes,S
nomdeplume13,F
skydiverjan,S
sorrowful-soul,F
m-dk,S
noichi-desu,S
truluv,S
gadgetqueen,S
domino145,S
inelaborate-me,S
azuma-hazuki,S
icons-by-allie,S
dwellingsoul,F
darkglittersky,F
yourway-always,S
hazel-may,S
watch-m3-di3,S
shockaholic,S
irishgirl87xo,F
snapshot16,S
secretagentamie,S
technobody,S
glitterby-baby,S
bigcircle,S
myscarylife,S
avirt75,S
nonobadhulk,S
spook-over,F
bobdabuilder,S
hikaru-shidou,S
distant-cry,S
bananna-head,S
irkin,S
iyaknimaria,S
duckiedemonseed,S
hallucine,S
unsettled,F
pocoyo-moi,F
fallenangel34,F
starclash,S
pixfest,F
haideez,S
edendion,S
diexpunk,S
agengrgal,S
darkangel217,S
alwaysinside,S
mollys-home,F
laced-seduction,S
joeyclaren,S
twilight-dying,S
gravitydemon,S
fadingaway88,F
lyevil,S
canibis-mofo,S
ticklesarahpink,S
pearl-of-orient,S
crash-08,S
starrlilly,S
vade-retro,S
tragedy-jail,S
suicide-on-tv,F
paincausedscars,F
cuddlypanda,S
trichatill,S
fierydominion,S
not-art,S
baby-despair,F
kay-shorty,S
malevolent-rayn,S
sensesfail11,F
beetelgeuse,F
makeupmag,F
cowgirlcutie,S
swingsetsuicide,S
theimpure,S
jonnysbitch,S
spazishness,S
insidious61,S
raynala,S
xxuselessgrrlxx,S
cryingcrimson85,S
luna-dorata,F
shadows-smile,F
2by4skeleton,S
xtragick,S
idislikehugs,S
yellow--crayon,F
arya87,F
oldschoollozfan,S
enigmalea,F
twistedskyye,S
writingbynight,F
bagoffarts,S
madcrazymoo,S
desiredeffect,S
spillyourtea,S
teneckid06,S
guarnerius27,F
thesoulswindler,S
burntsage,S
ofspiritfiredew,S
timdog,F
ktesque,F
melodia,S
lilith-moon,S
reichou,S
rocketgirl-85,S
stoner-cowboy,S
sarahhnade,S
crazyluvolee,S
justareadin,F
xtoxic-tears,S
labelmeuseless,S
petitevanou,S
censored-riot,S
goodbye-mr-bear,S
ayn-l-semen,F
zero213,F
kitty-partner,F
januarygirl,S
hoomygoth,S
drtylaundrynbr3,F
sasha-perrette,S
renaissance9,S
julione,S
goldeneyes17,S
rockmysoxoff876,S
krysztal-tear,S
keijuprinsessa,F
anamanda,S
mistress-marsha,S
pinkealing,S
nvrmnt2besocold,S
speakvowels,S
derangedmonkee,S
whipman,F
digger546,S
synchroshatter,S
foreignbodytv,S
painted-scars,S
mind-at-war,S
wrapyourtool,S
chipzahoi46,S
pavanes,S
jessicarenee,S
long-lost-life,S
xshower-scene,S
timasi,F
vintage-kisses,F
madhatter85,S
scharfschuetze,S
creeper-xxx,S
xvengeancex,S
thebuffy-fan,S
passionatepriss,S
thehomicidehoe,S
8weeksnotme,S
name-that-freak,S
aloneidie87,S
gravellgrave,S
surf-daily-1216,F
leiju,S
whatever11,S
knststf,F
somnofox,S
stardancer529,S
hani,S
grrl-style-now,S
tarteaucitron,S
large,S
twcwar313,S
lostlittleone,S
it-seemed,S
trishpawachunyu,S
intothe-mirror,S
killak-bitch,F
the-ambience,S
mechtilds-fic,S
iminnirvana007,S
rae-duhhh,F
tbondc,F
kuppi,S
xxmim3xx,S
candy-chocolate,F
pinkcutie8889,S
postalxsrvice,S
gillians-gal,S
weakforyourlove,F
sweetreverie,F
lost-lovex3,S
onlycrackwhores,F
goth-dude-z,S
pinkcars,F
lexi-lust,S
crispycommando,S
leathal-dosage,S
clarissamalfoy,S
michatah,S
whimsicalheart,S
arkane,F
psychoticchaos,S
lonely----views,S
acidic-arsonist,S
magicfairy,F
audacity242,S
hiddenx3soul,S
sharpened-edge,S
browneyed-grl,S
ethyne,S
po-te4eniyu,F
forgotton-icons,S
team-wfo,F
dusiens,S
sadira-aurora,S
kierwynn,S
mykabebe,S
muhnemma,F
ici1011,F
sexy-lingerie,F
ken-luff,F
livingwithed,S
infectedd,F
pookpookfishy,S
omuse,S
allofmysecrets,S
barnabyfive,S
sparkleydust,S
aiken-4graphics,S
nath89,S
the-capuchin,S
centuriesnexile,S
bela-venontoj,S
sashti,F
terioncalling,F
nicci-thinks,S
xxxpunkpixiexxx,S
lighthawk,S
periponytails,S
gibbs-1989,F
you--fail--me,F
wildgurl,F
theonlycompany,S
either--or,S
blood-lust-420,S
slumberingdream,S
vlavlasova,S
veryad0rkable,S
bakuryuedge88,S
virginia-train,S
star-wiishes,S
broken-toy,S
natz099,S
crashandburn34,S
bigbad88,S
diamondriot,S
jesuisariel,F
xmypaperheart,F
i-gota-pee,S
jen-feliz,S
blackula,S
wishchild,S
iluvyew28370,S
rcsbuffy,S
teazie,S
confessions-17,S
builtforburning,S
sailormon,F
cellia,S
pozitivevil,S
your-black-star,S
shedeviluptuous,S
imnotmeanymore,S
lekker,S
ledia84,F
golden-purple18,S
stacy-bird,F
rasp-utin,S
gothicpunkboy,S
meilinrei,S
oh-ayana,S
human-doormat,S
rizmakeup,S
mlle-thief,S
poultryinmotion,S
trianos,S
snickering-1,S
kunimin,S
xbuttercupx,S
hevnsfalnangel,S
tu-es-fou,S
bequest45,S
iin-y0ur-eyez,F
sannastiina,S
shebleedsacid,S
burning-5tar-4,S
hussh,S
f-sobakevich,S
windchimefight,S
jaqmemnoch,S
lifexorxdeath14,S
orchidsunshine,S
frozenrequiem,F
minorityangl619,F
crystaldome,F
hehateme2001,F
d-nizzle,F
hello-self,S
wildtigress,S
x-x-torn-x-x,S
koaalcia,S
lestaria-nenia,S
s0much2say,F
yourbdwaybaby,S
deliciousdanie,F
x-kaze-no-koe-x,F
edienippoli,S
chukchukchuk,S
craziestcatlady,F
jendontlikeyou,S
babyxblu,F
groovyraspberry,S
weirdchic,S
tea-elle,S
you-killme,S
prrrn,S
windy-indie,S
prncssterrible,S
catiana-albatou,F
trumpetq04,F
shesturningblu,F
mefungpoo,S
psychosteveo,S
torndistorted18,F
espgryphon,S
roc-la-fredonia,F
suspect-culture,F
glitch0,S
amyleesesshy,S
fantasyscribe,F
pearlanne2,S
elliemoran,S
oreithya-nl,S
glory-fades66,S
her-auburn-eyes,F
thehouseofjade,F
alicia-coldplay,S
sexy-allusion,F
xbound-insidex,S
dyinginbeauty,S
lauralovesnaley,F
spadjen,S
beautys-demise,S
kat-a-klysm,S
see-jane-kill,S
ilitthefuse,S
stranger-in-me,S
staceychad,S
bl00dobsessed,S
asnowflakeibe,S
windresistant,S
swordianmaster,S
abrokentomarrow,S
thin-x-lies,F
bleedingrazors,S
happily-skankin,S
631i41,S
sambam427,S
instantlow,S
0xx-berrie-xx0,S
essexrainbow,S
4gotten-faces,S
etherealdespair,S
kokaine-kate,F
3star-life,F
rebelgrrlsunite,S
frausoon,S
draco-the-goth,S
lostdreams2,F
you-r-toxic,S
daughterofgod3,S
antiquated-tory,S
black-hole-soul,F
asuka-sama,S
tickledblonde03,F
graperonto,S
under-a-pot,F
mis5-thang-143,S
prervana,S
mywornoutmasks,S
lilgrkgangsta,S
boque,S
latelierdeflo,S
runnerforlife,S
abbagirl,S
poeticgypsy,S
whore-love,S
khoyin,F
speakingmanners,S
emma-winston,S
vvinter-rain,S
pistol-gun,S
anonymous-space,S
shortybangs,S
xtearsxforeverx,S
dangerousqt,S
jehosephat,S
aphr0dyte,S
3340,S
sunshinejulz,S
violingoddesss,S
claire200603,F
anaandstephanie,S
andeeh,S
punchingcoma,S
beatlefreak909,F
crazykrissers,S
tom-morrow,S
cardiocentric,S
shoot-the-moon,S
joeysgame,S
rubi-red,S
aquagamer,S
night-nurse,S
jam-pony007,F
brennypants,F
narcolepsija,S
v1c1ous-angel,S
bloody-tears17,S
aerianya,S
felinegroovy,S
burning-tearz,S
xxrazor-blissxx,S
aprildawn351,S
lonely-panda,S
gaiaslilhelper,S
capacitance,F
dtmx,S
ariamelody,S
lyricsof-poison,S
fabien-aybara,S
sg-rockstar,F
sinfullxregrets,S
primobacio,S
halfcore,F
harleygrl93,S
str8jacket,S
shi-chans-box,S
kaylamsouthern,S
labyrinth1n3,S
kylette,S
therapy21,S
kisforkatie,S
memoires-mortes,S
kute-n-cuddly,S
no--salvation,S
najanaja,S
beutyfulxmztake,S
p-funk-christ,S
depressedrocker,S
almost-dead04,S
dalloftheabove,F
joho07,S
shorty212032,F
16cutstimesme,S
livredesombres,S
n0liesjustlov3,S
olekssandra,S
imalreadyfamous,F
angelotragedy,S
paulabm,S
riagoose,S
jewels10503,S
paperskelleton,S
aznsky,S
ghostly-visage,S
mister-jon,S
metalbunny,S
onetonnoodle,S
xairlinex,S
ainokakera,S
xmare212x,S
invisiblerobot,S
crapyou,S
xjusttietherope,F
ogoodygumdropo,S
dollpart,S
twg-rena,S
caylina,S
systematique72,S
yuschi,S
geek-marine,S
x-acid-queen-x,S
orka-nei,F
gavril,S
lastxconfession,S
zee-covergirl,F
deadsexyfish19,S
recklesschild,S
dark-hk,S
tru-lala,S
paddingtonmars,S
patrol-princess,F
undead-artie,S
lord-sebastien,S
noho-or-bust,S
mattishh,S
tekmonkie,F
xtremexdeathx,S
atotalblonde247,F
xbillyxtalentx,F
mrpuffpuffpass,S
randomdeath05,S
r0mko,S
bananasformusic,S
iheart-dead,S
perfectgraysky,S
losergrlproject,S
xquietxdestinyx,F
invalidbeauty,S
sourpatchcutie,S
davidlin,S
sukicat,S
corpse-sing,S
reloadedvirus,S
socal-snwboardr,S
tlanti,S
phlegethon-vii,S
xdarklostsoulx,S
roanpiper,S
allison-meore,S
tehwrenxorz,S
lifebytania,S
hiron,S
beatrixchang,S
danni1436,S
kitty4151981,F
underthe-duvet,S
kwpdb8,S
cosmic-blue,S
andromeda77,S
kittiping,S
31y4,S
xxcrystalrainxx,S
merumaru,F
piperxcore,S
mery-smiles,S
iseebones,S
xmaggotcircusx,S
saw-to-the-bone,S
